uestc	电子科技大学位于成都，1956年由多所高校的电讯工程相关专业合并创建，前身为成都电讯工程学院。学校以电子信息为特色，兼顾基础科学与工程应用。清水河、沙河等校园承载着不同阶段的办学记忆，电子、通信和计算机等方向是认识学校的重要入口。
cqu	重庆大学创办于1929年，是教育部直属高校。2000年，原重庆大学、重庆建筑大学和重庆建筑高等专科学校合并，形成新的学科布局。学校以工程教育为重要传统，同时发展人文、科学、经济管理与医学，在山城环境中连接课堂学习、工程实践和城市发展。
sdu	山东大学的前身是1901年创办的山东大学堂，是教育部直属的综合性大学。学校在济南、威海、青岛办学，文史、数学、医学与工程等不同学术传统在这里交汇。多城市、多校园的格局带来不同学习体验，报考时可以结合学院与校区了解具体安排。
ouc	中国海洋大学位于山东青岛，办学历史始于1924年。学校以海洋和水产学科为特色，同时发展理学、工程、人文社会科学与医学。鱼山、崂山等校园将海滨城市的环境与学术生活联系起来，海洋科学、海洋生物和水产研究是了解学校的重要线索。
jlu	吉林大学始建于1946年，位于吉林长春，是教育部直属的综合性大学。2000年，多所高校合并组建新的吉林大学，学科覆盖人文社会科学、理工、医学与农业等领域。多校区布局汇集不同专业传统，了解学院所在校园，有助于更具体地认识学习与生活环境。
dlut	大连理工大学创建于1949年，是教育部直属高校。学校延续工程教育与工业建设的办学传统，发展理学、经济管理、人文等学科。大连和盘锦的办学布局提供不同校园体验，科学研究、工程实验与实践训练共同构成这里的学习生活。
neu	东北大学位于辽宁沈阳，是以工科为重要特色的多科性大学，学科覆盖理学、工程、人文、经济管理与艺术等领域。学校重视基础研究与工业技术之间的连接。专业学习既包含理论课程，也包含实验和工程实践，为探索不同技术方向提供空间。
hnu	湖南大学位于长沙，办学历史与岳麓书院紧密相连，1926年定名湖南大学。学校为教育部直属高校，发展理工与人文社会科学等学科。岳麓山下的校园将书院传统、历史建筑与现代大学生活连接起来，实事求是、敢为人先贯穿其办学文化。
csu	中南大学位于湖南长沙，2000年由中南工业大学、湖南医科大学和长沙铁道学院合并组建。学校汇集矿冶、湘雅医学与铁路工程等传统，形成理工医与人文社会科学交融的学科布局。材料、资源、交通与医学等方向，为认识这所综合性大学提供不同入口。
xmu	厦门大学由陈嘉庚先生于1921年创办，是教育部直属的综合性大学。学校在文理基础、经济管理、海洋与医学等领域开展教学研究，办学布局包括厦门、漳州和马来西亚。海滨校园与开放交流的传统相互交织，选择专业时也可以进一步了解不同校区的培养安排。
lzu	兰州大学创建于1909年，前身为甘肃法政学堂，是教育部直属的综合性大学。学校在兰州城关与榆中办学，基础科学、人文社会科学、医学和草业研究等学科相互交融。扎根西部的办学环境，让区域生态、文化与科学问题成为学习研究的重要线索。
ruc	中国人民大学的前身是1937年创办的陕北公学，是教育部直属高校。学校长期重视人文社会科学，在经济、法律、政治、社会与历史文化等领域开展教学研究。实事求是是学校的现行校训，理论思考与社会实践相结合构成其鲜明的学术传统。
buaa	北京航空航天大学创办于1952年，由多所高校的航空相关院系合并组建。学校隶属于工业和信息化部，以航空航天及相关工程教育为特色，同时发展理学、经济管理与人文等学科。学院路、沙河等校园将基础学习、工程实验与前沿科研联系在一起。
bnu	北京师范大学前身为1902年设立的京师大学堂师范馆，1923年更为现名。学校以教师教育、教育科学和文理基础学科为重要特色，同时开展跨学科研究。北京与珠海的办学布局带来不同校园环境，理解教育、认识社会与探索自然在这里相互交织。
muc	中央民族大学的前身为1941年创办的延安民族学院，1951年在北京成立中央民族学院。学校以民族团结与人才培养为重要使命，发展人文、社会科学、艺术与理工等学科。不同文化背景的师生在校园相遇，为学习、研究和交流带来丰富视角。
ecnu	华东师范大学成立于1951年，以大夏大学、光华大学等院校为基础组建，是教育部直属并与上海市共建的大学。学校重视教师教育，同时发展人文、基础科学和跨学科研究。普陀、闵行等校园承载不同学术传统，教育学、生态学与统计学是认识学校的入口。
nwafu	西北农林科技大学位于陕西杨凌，是教育部直属高校。学校将农业、林业、生命科学与相关工程研究结合起来，面向农业发展、生态环境和食品安全等问题开展教学科研。农业高新技术产业示范区的环境，使田间实践、实验室研究与专业学习形成紧密联系。
nudt	国防科技大学位于长沙，前身为1953年创建的中国人民解放军军事工程学院。学校延续军事工程教育传统，开展科学研究与高层次人才培养，重视基础理论、工程能力和实际需求的结合。作为军队院校，报考时需同时了解当年的招生、体检与政治考核要求。
tongji	同济大学位于上海，是教育部直属并与上海市共建的综合性大学。学校发展理工、医学、人文与艺术等学科，建筑、土木、交通与城市相关研究是认识同济的重要入口。四平路、嘉定等校园，将工程实践、城市观察和学术探索连接在一起。
cau	中国农业大学的办学历史始于1905年创设的京师大学堂农科大学，位于北京。学校以农业与生命科学为重要基础，发展食品、资源环境、工程、经济管理等学科。1995年由北京农业大学与北京农业工程大学合并组建，专业学习与农业生产、科研实践紧密相连。
nwpu	西北工业大学位于陕西西安，隶属于工业和信息化部。学校以航空、航天、航海领域的人才培养和科学研究为特色，同时发展材料、机械、电子、计算机与基础科学等方向。友谊、长安等校园连接理论课堂、工程实践与重大科研任务，形成鲜明的工程教育传统。
xidian	西安电子科技大学的前身是1931年创办的中央军委无线电学校，是教育部直属高校。学校以电子与信息学科为特色，发展通信、电子、计算机及相关基础学科。在长安、雁塔两个校区，实验教学、技术实践与科学研究共同支撑专业学习。
afmu	空军军医大学位于陕西西安，前身为1941年创建的八路军晋西北军区卫生学校，2017年组建为空军军医大学。学校开展医学人才培养、医学研究与医疗服务，将基础医学、临床实践和军事医学需求相结合。军队院校招生要求需以当年的正式章程为准。
snnu	陕西师范大学位于西安，前身为1944年创办的陕西省立师范专科学校，1960年定名陕西师范大学。学校为教育部直属高校，以教师教育为重要传统，发展文史、基础科学和教育研究。雁塔、长安两个校区为专业学习与校园生活提供不同环境。
nwu	西北大学位于陕西西安，建校历史始于1902年，是一所综合性大学。学校汇集人文社会科学、基础科学与工程等学科，文物考古、历史文化与自然科学研究相互交织。悠久的办学传统与西安的文化环境，为课堂学习、田野调查和科研探索提供不同路径。
chd	长安大学位于西安，2001年由西安公路交通大学、西安工程学院和西北建筑工程学院合并组建，是教育部直属高校。学校延续公路交通、地学与建筑工程的学科传统，将基础理论、实验训练和行业实践结合起来，为认识交通与城市建设提供丰富入口。
xauat	西安建筑科技大学于1956年由多所院校的建筑、土木与市政等系科合并组建。学校以建筑与土木工程为重要传统，同时发展环境、材料、人文与艺术等学科。雁塔、草堂等校园将设计工作、工程实验与城市观察联系起来，是了解建筑相关学习的重要窗口。
xaut	西安理工大学的前身为北京机械学院和陕西工业大学，位于陕西西安。学校以水利水电、装备制造等领域的人才培养与研究为重要特色，发展理、工、管理等学科。工程实验、技术设计与产业实践贯穿专业学习，为学生探索工程方向提供多种路径。
xust	西安科技大学成立于1958年，前身为西安矿业学院，2003年更为现名。学校延续能源与安全领域的教学研究传统，同时发展地学、机械、信息和管理等学科。专业学习关注资源开发与安全生产之间的关系，并通过实验与实践理解真实工程问题。
xatu	西安工业大学创建于1955年，前身为西安第二工业学校，具有鲜明的军工办学传统。学校发展光电、机械、材料、电子与相关学科，将精密制造和工程实践融入人才培养。敦德励学、知行相长是学校校训，课堂与实验共同支撑专业能力的成长。
xiyou	西安邮电大学的办学历史始于1950年成立的邮电人员训练班及其后的西安邮电学校。学校以信息科学技术为特色，发展工、管、理、经等学科，是西北地区信息产业和现代邮政业的人才培养基地。课程学习与通信技术、网络和行业实践紧密联系。
xpu	西安工程大学办学源头可追溯至1912年的北京工业专门学校机织科，1978年独立建校，2006年更为现名。学校以纺织服装为特色，同时发展材料、工程、设计与管理等学科。工业技术与艺术设计相互交融，为探索服装、制造和创意方向提供空间。
xisu	西安外国语大学是新中国较早建立的外语院校之一，前身为西北俄文专科学校。学校以语言教育为重要基础，同时开展文学、翻译、区域国别与相关社会科学研究。多语言课堂与国际交流相结合，让语言学习延伸到不同文化、社会与真实沟通场景。
xufe	西安财经大学的办学历史可追溯至1952年的西北贸易学校和1954年的西安统计学校，由陕西省与国家统计局共建。学校以经济、管理与统计相关学科为重要基础，发展多学科教育。不同校区与专业实践平台，为认识经济运行、数据分析和管理工作提供空间。
xianmc	西安医学院位于西安，前身为1951年创建的陕西省卫生技术学校，2006年升格为本科院校。学校在含光、未央和高新三个校区办学，开展临床医学、药学、护理与相关专业教育。基础课程、临床训练与附属医院的医疗实践相结合，构成医学人才培养的重要路径。
sust	陕西科技大学前身为1958年创办的北京轻工业学院，1970年迁至陕西咸阳，2002年更为现名。学校以轻工为特色，发展材料、化工、食品与相关工程学科。主体校园位于西安，轻工业传统与现代技术研究相结合，课堂学习也与实验、设计和产业实践相联系。
yau	延安大学成立于1941年，其历史可上溯至1937年创办的陕北公学，由陕西省与教育部共建。学校延续延安精神，发展人文、社会科学、理工与医学等学科。革命老区的文化环境与区域发展需求相结合，为专业学习、社会实践和历史文化研究提供独特场景。
bjwlxy	宝鸡文理学院创建于1958年，前身为宝鸡大学，是陕西省属普通本科高校。学校突出教师教育和应用型工科特色，发展文、理、工、管等学科，在高新、石鼓等校园办学。周秦文化融入育人传统，课堂学习与地方教育、工程实践和区域文化研究紧密相连。
bupt	北京邮电大学前身为1955年创办的北京邮电学院，1993年更为现名，是教育部直属高校。学校以信息科技为特色，工学为主体，发展通信、电子、计算机与管理等方向。西土城路、沙河等校园将网络技术、工程实验和科研探索联系起来。
cufe	中央财经大学位于北京，由教育部、财政部和北京市共建。学校以经济与管理领域的教学研究为重要基础，同时发展法律、数学与相关学科。课堂、案例分析和实践训练相结合，为理解金融运行、财政政策、会计与企业管理提供不同视角。
uibe	对外经济贸易大学创建于1951年，前身为高级商业干部学校，是教育部直属并与商务部共建的高校。学校位于北京，经济贸易、管理、法律与外语教育相互联系。国际交流与专业实践构成校园生活的重要部分，也让学生从多种视角理解全球商业与社会。
bfsu	北京外国语大学的办学源头为1941年延安的俄文队，是教育部直属高校。学校以多语种教育为重要传统，发展语言文学、翻译、国际关系与区域国别研究等学科。不同语言和文化在校园相遇，课程学习、国际交流与实际沟通共同支撑学生成长。
cuc	中国传媒大学位于北京，办学历史始于1954年，是教育部直属高校。学校以新闻传播、广播影视和艺术创作为重要特色，同时发展信息技术与相关学科。课堂、工作室和实践平台相结合，帮助学生理解传播技术、内容生产与社会文化之间的联系。
cugb	中国地质大学（北京）源于1952年创建的北京地质学院，是教育部直属高校。学校以地学教育与研究为重要基础，发展资源、环境、材料与相关工程学科。课堂学习与野外地质实习、实验分析相结合，为认识地球、资源与环境提供真实的学习场景。
cup	中国石油大学（北京）的前身为1953年创办的北京石油学院，是教育部直属高校，在北京昌平和新疆克拉玛依办学。学校以石油与能源领域为重要特色，发展地学、工程、化工和管理等学科。了解所报学院及校区，有助于具体认识专业培养与校园生活。
cug	中国地质大学（武汉）位于武汉，办学源于1952年的北京地质学院，是教育部直属高校。学校以地球科学为重要基础，发展资源、环境与工程等学科。野外调查、样品分析和实验研究与课堂相结合，让学生从自然现场认识地球及其与人类活动的关系。
cupw	中国石油大学（华东）位于山东，是教育部直属高校，办学源于1953年的北京石油学院。学校延续石油、化工与能源工程传统，同时发展基础科学和管理等学科。工程实验与行业实践相互连接，为认识能源开发、加工利用及相关技术提供多种路径。
njust	南京理工大学源自1953年创办的中国人民解放军军事工程学院，1993年更为现名，隶属于工业和信息化部。学校延续军工与工程教育传统，发展机械、电子、材料等方向。南京校园毗邻紫金山与明城墙，江阴校园也承载教学科研，兵器博物馆是其特色校园资源。
nuaa	南京航空航天大学位于南京，隶属于工业和信息化部，以航空航天与相关工程教育为重要特色。学校发展机械、电子、材料、计算机与基础科学等学科，将理论课程与实验、设计和工程训练结合起来。不同校园的办学布局，为学习科研与生活提供丰富场景。
hhu	河海大学办学历史始于1915年创设的河海工程专门学校，是教育部直属高校。学校以水利为重要特色，同时发展土木、环境、能源、信息与管理等学科。水工程、流域生态与城市基础设施等问题贯穿教学科研，课堂学习与工程实践紧密联系。
suda	苏州大学的主要前身为1900年创立的东吴大学，是江苏省与教育部共建的综合性高校。学校发展文理、工科、医学与艺术等学科，将江南文化传统与现代学术探索联系起来。不同校园的历史建筑与学习空间，也承载着一代代苏大学子的校园记忆。
njnu	南京师范大学主源可追溯至1902年创办的三江师范学堂，1952年组建南京师范学院，1984年更为现名。学校以教师教育为重要传统，学科覆盖文理与多个领域。仙林、随园和紫金三个校园各有特点，随园的历史建筑与学术文化是认识南师的重要入口。
hustc	华中师范大学位于武汉桂子山，是教育部直属高校。学校以教师教育为重要传统，发展文史、教育、基础科学和相关学科。桂子山、南湖等校园承载不同学习空间，教育研究、课堂教学与社会实践相结合，为未来教师与各类专业人才的成长提供支持。
ccnu	华中农业大学位于武汉，办学历史始于1898年的湖北农务学堂，是教育部直属高校。学校以农业和生命科学为重要特色，发展食品、资源环境、工程与经济管理等学科。狮子山校园将实验研究、农业实践与日常生活连接起来，人与自然的关系也是学习中的重要主题。
swu	西南大学位于重庆，2005年由西南师范大学和西南农业大学合并组建，是教育部直属的综合性大学。学校融合教师教育、农业与生命科学等传统，发展文理工等多学科。山地城市的环境与不同学术文化相交汇，带来多样的校园生活与研究视角。
swjtu	西南交通大学位于成都，是教育部直属高校，办学源于1896年创建的山海关北洋铁路官学堂。学校延续轨道交通与工程教育传统，同时发展科学、管理和人文等学科。实验教学、工程设计与行业实践相结合，让交通领域的真实问题进入专业学习。
swufe	西南财经大学位于成都，办学源头之一为1925年创办的光华大学，是教育部直属高校。学校以经济、金融与管理为重要基础，发展法律、数学和相关学科。理论学习、案例讨论与社会经济实践相结合，为认识市场运行、金融体系和公共政策提供空间。
ynu	云南大学位于昆明，是一所多学科的综合性大学。学校在东陆、呈贡等校园办学，人文社会科学与自然科学相互交融。云南的民族文化与生物多样性，为民族学、生态与生命科学等研究提供丰富场景，校园学习也与区域文化和生态环境紧密联系。
gxnu	广西大学创办于1928年，是广西与教育部合建的综合性大学，位于南宁。学校从早期的文理教育发展出理、工、农、经济管理与人文等学科。广西的区域环境与产业需求进入教学科研，也为学生参与实践、理解社会和认识不同文化提供机会。
hainu	海南大学于2007年由原海南大学与华南热带农业大学合并组建，是综合性大学。学校发展农业、生命科学、法学、经济管理与工程等方向，教学科研与海南的生态环境及发展需求相联系。热带校园环境与国际交流，也构成学校日常学习生活的重要部分。
xjdx	新疆大学位于乌鲁木齐，办学历史可追溯至1924年，是一所综合性大学。学校发展人文社会科学、基础科学与工程等学科，区域历史文化与自然环境为研究提供丰富线索。多学科教学与实践相结合，现行校训为团结、紧张、质朴、活泼。
imu	内蒙古大学创建于1957年，位于呼和浩特，是一所综合性大学。学校发展人文、社会科学、自然科学与工程等学科，民族语言文化与区域生态相关研究形成特色。课堂、实验和社会实践相互联系，草原地区的文化与环境也带来独特的学习视角。
nwnu	西北师范大学位于兰州，以教师教育为重要传统，发展文史、教育、基础科学与相关学科。学校长期面向西部教育与区域发展开展人才培养和研究。教育实践、人文阅读与科学探索交织在校园生活之中，知术欲圆、行旨须直是学校的校训。
nwsuaf	西北政法大学位于西安，办学源头可追溯至1937年的陕北公学，1958年成立西安政法学院。学校以法学为重要特色，发展政治、经济、管理与相关学科。法律理论、案例分析与实务训练相结合，让课堂讨论与社会现实形成联系。
xjtlu	西交利物浦大学位于江苏苏州，是西安交通大学与英国利物浦大学合作举办的大学。学校将国际化课程、跨学科学习与实践教学联系起来，发展科学、工程、商科与人文等领域。苏州与太仓的办学空间提供不同学习体验，具体学位与培养安排可进一步查看官方专业介绍。
nyu	宁波大学创建于1986年，由包玉刚先生捐资创办，是浙江省与相关部门共建的综合性大学。学校发展理工、医学、经济管理、人文与教育等学科，教学科研与沿海城市的产业和社会环境相联系。多学科学习与实践机会，为学生认识不同方向提供空间。
hdu	杭州电子科技大学位于杭州，以电子信息为重要特色，同时发展经济管理与其他学科。学校将电子技术、计算机、自动化与产业需求相结合，注重工程实践与应用能力培养。课堂、实验室与创新实践平台相互连接，为探索信息技术和管理方向提供支持。
zjut	浙江工业大学位于杭州，是浙江省与教育部共建高校，办学历史始于1953年。学校以工程教育为重要基础，发展化工、机械、信息与相关学科，同时开展人文与管理教育。不同校区将课堂、实验与产业实践联系起来，技术创新是认识学校的重要线索。
zjnu	浙江师范大学前身为1956年设立的杭州师范专科学校，1965年迁至金华，1985年更为现名。学校以教师教育为特色，同时发展文理与相关学科，在金华、杭州等地办学。教育实践、跨文化交流和区域研究相互结合，构成多样的学习生活。
ahau	安徽大学创建于1928年，位于合肥，是安徽省与教育部共建的综合性高校。学校学科覆盖人文、社会科学、理工与多个领域，材料与信息技术研究和徽文化、古文字研究等相互交织。不同校园的学习空间，将安徽文化传统与现代科学探索连接起来。
hfut	合肥工业大学创建于1945年，是教育部直属高校，在合肥与宣城办学。学校以工程教育为重要传统，发展机械、材料、信息、管理与基础科学等学科。理论学习、实验训练与产业实践相互连接，报考时可以进一步了解学院所在校区和具体培养方案。
fzu	福州大学创建于1958年，是福建省与教育部共建高校，以工科为重要基础，理工结合、多学科协调发展。学校开展工程技术、基础研究与人文管理教育。福建的区域发展和产业需求与校园科研相联系，实验与实践也构成专业学习的重要部分。
ustb	北京科技大学前身为1952年组建的北京钢铁工业学院，是教育部直属高校。学校延续矿冶、材料与工程教育传统，同时发展信息、经济管理与人文等学科。实验研究和工程实践贯穿专业学习，为认识材料制造、资源利用与技术创新提供不同入口。
buct	北京化工大学创办于1958年，前身为北京化工学院，是教育部直属高校。学校以化学、化工、材料与相关工程为重要基础，同时发展生命科学、信息和经济管理等学科。实验室研究、工艺设计与实践教学相结合，帮助学生理解化学知识如何进入真实产业。
bjfu	北京林业大学创办于1952年，前身为北京林学院，是教育部直属高校。学校以林业、生态与园林相关学科为重要特色，同时发展工程、设计与经济管理等方向。植物观察、野外实践与实验研究相结合，人与自然及城市生态成为学习中的重要主题。
bucm	北京中医药大学创建于1956年，前身为北京中医学院，是教育部直属高校。学校开展中医学、中药学与相关健康领域的教学研究，将传统医学知识、现代科学方法和临床训练联系起来。医学经典阅读、实验学习与医疗实践共同支撑专业成长。
cnu	首都师范大学建于1954年，办学历史可追溯至1905年的通州师范，是北京市与教育部共建高校。学校以教师教育为重要传统，发展文史、教育、数学、艺术与相关学科。专业学习与基础教育实践紧密联系，图书文献和学术平台为研究探索提供支持。
ccmu	首都医科大学创建于1960年，由北京市与相关部门共建。学校开展基础医学、临床医学、公共卫生与相关健康学科教育。附属医院与教学科研体系相联系，让基础课程、实验训练和临床实践形成连续的培养过程，服务医学研究与卫生健康需求。
bjut	北京工业大学创建于1960年，是北京市属高校。学校以工程教育为重要基础，同时发展理学、经济管理与人文艺术等学科。专业教学与首都产业、城市建设和技术创新相联系，课堂、实验和实践平台为探索工程问题提供多种学习机会。
tmu	天津医科大学创建于1951年，1994年由天津医学院与天津第二医学院合并组建。学校开展医学、药学、护理与相关学科的教学研究，临床医院与专业培养紧密相连。理论课程、基础实验和临床训练共同支撑医学学习，也为科研探索提供实践环境。
hebut	河北工业大学前身为1903年创设的北洋工艺学堂，1995年更为现名，位于天津。学校以工科为重要特色，发展材料、机械、电气与相关学科，同时开展经济管理与人文教育。工程实验、设计训练和产业实践延续其重视实际能力的办学传统。
tyut	太原理工大学位于山西太原，是一所以工科为重要基础的大学。学校发展矿业、材料、机械、电气、信息与基础科学等学科，将教学科研与能源及制造相关需求联系起来。课程、实验和工程实践相结合，为学生认识技术应用与产业发展提供空间。
lnu	辽宁大学位于沈阳，1958年由东北财经学院、沈阳师范学院的部分系科与沈阳俄文专科学校合并组建。学校发展人文、社会科学、理工与相关学科，多种学术传统在校园汇集。理论课堂、研究训练与社会实践，为认识经济、文化和科学问题提供不同路径。
dlmu	大连海事大学位于辽宁大连，是交通运输部所属高校，具有鲜明的航海教育特色。学校发展航海、轮机、交通运输、海商法律与相关工程管理等学科。专业课堂、模拟训练与航海实践相结合，帮助学生理解海上运输与现代航运的真实工作场景。
ybu	延边大学创建于1949年，位于吉林延吉，是一所综合性大学。学校发展人文、社会科学、理工、医学与相关学科，民族语言文化和区域交流形成特色。不同文化背景的师生在校园相遇，为专业学习、文化理解与实践研究带来多样视角。
nenu	东北师范大学创建于1946年，1950年更为现名，是教育部直属高校，位于长春。学校以教师教育为重要传统，发展教育、人文与基础科学等学科。课程学习、教育实习和研究训练相互联系，为认识教学、理解学生和探索学科问题提供支持。
nefu	东北林业大学位于哈尔滨，是教育部直属高校，以林业与生态相关研究为重要特色。学校发展林学、生命科学、材料、工程与经济管理等学科。森林生态、资源利用与自然保护进入课程和研究，野外实习与实验学习共同构成专业培养的重要部分。
neau	东北农业大学于1948年创建于哈尔滨，前身为东北农学院。学校以农科为优势，以生命科学和食品科学为重要特色，同时发展工程、经济管理等学科。实验研究、农业生产与实践教学相结合，让专业知识与食品、生态和农业发展问题形成联系。
shu	上海大学为上海市属综合性大学，1994年由上海工业大学、上海科学技术大学、原上海大学和上海科技高等专科学校合并组建。学校发展人文、理工、艺术与多个领域，在宝山、延长和嘉定等校园办学。城市文化、技术创新与多学科交流交织在校园生活之中。
shisu	上海外国语大学创建于1949年，是教育部直属高校，以语言文学与国际化教育为重要特色。学校发展翻译、国际关系、区域国别与相关学科，在虹口、松江等校园办学。多语种学习、国际交流和文化研究相结合，为理解不同社会与世界提供多种视角。
shutcm	上海中医药大学创建于1956年，是新中国较早设立的中医药高等院校之一。校园位于上海张江，学校将中医学、中药学与现代医学研究联系起来。医学经典、实验训练与临床实践共同支撑专业学习，附属医疗和科研机构也为人才培养提供实践环境。
njau	南京农业大学位于南京，是教育部直属高校，以农业与生命科学为重要特色。学校发展农学、食品、资源环境、工程和经济管理等学科。田间观察、实验研究与课堂教学相互联系，为学生认识农业生产、食品安全和生态环境提供真实的学习场景。
njfu	南京林业大学于1952年组建为南京林学院，1985年更为现名。学校以林科为优势，发展生态、材料、工程、园林与相关学科，是国家“双一流”建设高校。自然观察、设计实践和实验研究相结合，将资源利用与生态环境问题带入专业学习。
jiangnan	江南大学位于无锡，是教育部直属高校，2001年由无锡轻工大学、江南学院和无锡教育学院合并组建。学校延续轻工教育传统，发展食品、纺织、设计与相关工程学科。实验、创作和产业实践相结合，让科学研究与日常生活中的产品和需求形成联系。
cpu	中国药科大学创办于1936年，位于南京，是教育部直属高校。学校以药学、中药学及相关生命健康领域为重要特色，形成从基础研究到药物开发的学科联系。课程、实验与实践训练帮助学生理解药物如何被发现、评价和应用于健康服务。
ahnu	安徽师范大学位于安徽芜湖，是安徽省与教育部共建高校，以教师教育为重要传统。学校发展文史、教育、基础科学与相关学科。长江与赭山周边的校园环境，将地域文化与大学生活联系起来，课程学习、教育实习和科研探索为学生提供不同成长路径。
ncu	南昌大学位于江西南昌，是一所综合性大学。学校由江西大学、江西工业大学等发展而来，2005年与江西医学院合并，形成文理工医交融的学科布局。不同校园承载各阶段的学术传统，课堂学习、科研实验与医疗及社会实践相互连接。
henu	河南大学的前身为1912年创办的河南留学欧美预备学校，是一所综合性大学。学校在开封、郑州等地办学，发展文史、教育、基础科学与多个学科。历史建筑、校园文化与现代学术空间相结合，为学习研究和社会实践提供丰富环境。
zzu	郑州大学位于河南郑州，是综合性大学，2000年由原郑州大学、郑州工业大学和河南医科大学合并组建。学校汇集文理、工程与医学等传统，发展多学科教育。不同校园与附属医疗、研究平台相联系，为课堂、实验、临床和社会实践提供多种场景。
whut	武汉理工大学位于武汉，是教育部直属高校，办学历史可追溯至1898年的湖北工艺学堂。学校延续建材建工、交通与汽车相关教育传统，发展材料、工程与多个学科。专业学习与行业需求相联系，实验、设计和实践训练共同支撑技术探索。
zuel	中南财经政法大学位于武汉，前身为1948年创办的中原大学，是教育部直属高校。学校以经济、管理与法律等学科为重要基础，多个领域相互交融。理论课堂、案例分析与实务训练相结合，为认识社会经济、企业运营和法治问题提供不同入口。
hnust	湖南科技大学位于湘潭，2003年由湘潭工学院与湘潭师范学院合并组建，办学源头可追溯至1949年的湘北建设学院。学校融合工程与教师教育等传统，发展多学科教学研究。实验、教育实践与区域产业需求相结合，形成具有自身特点的学习环境。
gxnu-edu	广西师范大学前身为1932年创办的广西省立师范专科学校，位于桂林，由广西与教育部共建。学校以教师教育为重要传统，发展人文、科学与相关学科。王城、育才和雁山三个校园各有特色，地域文化与历史景观也为大学生活带来丰富体验。
ynnu	云南师范大学前身为1938年创办的西南联合大学师范学院，1946年留昆独立办学，1984年更为现名。学校由云南省与教育部共建，以教师教育为重要传统。人文、科学与教育实践相互联系，西南联大的历史记忆也融入校园文化与学术生活。
gzmu	贵州大学创建于1902年，位于贵阳，是一所综合性大学。学校经过与贵州农学院、贵州工业大学等合并，发展出文理、工程、农业与多个领域的学科布局。贵州的区域文化、生态环境与产业需求进入教学科研，也为实践学习提供丰富场景。
ecust	华东理工大学创办于1952年，前身为华东化工学院，是教育部直属高校。学校发展化学、化工、材料与相关学科，同时开展人文、经济管理等教育。徐汇、奉贤等校园将学术研究、工程实验与专业实践联系起来，为认识化工与现代产业提供不同入口。
sufe	上海财经大学办学历史始于1917年南京高等师范学校的商科，1921年迁至上海。学校以经济与管理学科为重要基础，同时发展法律、数学与相关领域。理论教学、案例讨论与社会经济实践相结合，让金融、财政、会计和管理问题成为学习中的重要线索。
dhu	东华大学位于上海，是教育部直属高校，以纺织、材料和设计为重要特色，同时发展工程、经济管理与相关学科。科学实验与艺术设计在校园相遇，服装、材料与产业实践相互连接，为学生理解技术、产品与生活之间的关系提供学习空间。
jnu	暨南大学是中央统战部直属的综合性大学，具有鲜明的华侨教育传统。学校在广州、珠海和深圳等地办学，发展文理、医学、经济管理与多个领域。来自不同地区和文化背景的师生在校园相遇，国际交流与多学科学习也构成学校生活的重要部分。
scnu	华南师范大学位于广东，是广东省与教育部共建高校，以教师教育为重要传统。学校在广州、佛山和汕尾等地办学，发展教育、人文、科学与相关学科。课堂、教育实践与科研训练相互联系，多校园格局也为专业学习和校园生活提供不同环境。
szu	深圳大学于1983年设立，位于深圳，是一所综合性大学。学校发展人文、经济管理、理工、艺术与医学等学科，办学与城市改革发展紧密联系。荔园与城市创新环境相交汇，课程、实验、实践和国际交流为学生探索不同方向提供机会。
sustech	南方科技大学位于深圳，2012年获教育部正式批准设立，是一所公办研究型大学。学校重视理工与交叉学科、科研训练和创新人才培养，实行具有自身特点的本科培养与招生方式。2022年入选国家“双一流”建设高校，报考时需查看当年的综合评价等具体要求。
stu	汕头大学于1981年获批成立，是教育部、广东省与李嘉诚基金会三方共建的公立大学。学校发展文理、工程、医学、法律与艺术等学科，重视本科教育和跨学科学习。住宿学院与专业教育相结合，国际交流和实践平台也为校园生活带来多样体验。
cumt	中国矿业大学位于徐州，源于1909年创办的焦作路矿学堂，是教育部直属高校。学校以矿业与能源相关教育为重要传统，同时发展安全、地学、工程和管理等学科。实验、现场实践与课堂理论相结合，为认识资源开发与安全生产提供学习路径。
heu	哈尔滨工程大学源自1953年的中国人民解放军军事工程学院，1994年更为现名，隶属于工业和信息化部。学校以船舶工业、海军装备、海洋开发与核能应用为重要特色，发展相关工程和基础学科。实验、设计与科研训练延续其鲜明的工程教育传统。
swupl	西南政法大学位于重庆，以法学为重要特色，同时发展经济、管理、文学与相关学科。学校重视法律理论与实务能力培养，课堂讨论、模拟法庭和社会实践相互联系。区域发展与法治需求也进入教学研究，为认识法律职业和社会治理提供多种路径。
bsu	北京体育大学创建于1953年，是国家体育总局所属高校。学校以体育教育、训练与科学研究为重要基础，同时发展管理、传媒与相关学科。运动场馆、训练平台和课堂实验相结合，为体育实践、健康研究与赛事相关学习提供专业环境。
ccom	中央音乐学院于1949年在天津成立，是教育部直属的高等音乐院校，位于北京。学校开展作曲、表演、音乐学与相关领域的专业培养。个别课、合奏、舞台演出与研究训练相互结合，将扎实的艺术基础、创作探索和表演实践联系起来。
caa	中国美术学院位于杭州，是一所以美术与艺术教育为重要特色的高等院校。学校发展绘画、雕塑、设计、建筑与相关艺术研究，南山、象山和良渚等校园提供不同创作环境。工作室学习、材料实践与作品讨论相互结合，让艺术探索成为日常校园生活的一部分。
qhu	青海大学位于西宁，前身为1958年成立的青海工学院，是综合性大学。学校发展工、农、医与相关学科，研究教学与高原生态、农业和区域发展相联系。高原环境为课堂之外的调查与实践提供场景，也形成具有地域特点的校园学习体验。
nxu	宁夏大学始建于1958年，位于银川，是教育部与宁夏回族自治区合建的综合性大学。学校经过多次合并，发展理、工、农、人文与经济管理等学科。区域生态、文化和产业需求进入教学研究，多校园的布局也提供不同专业学习与实践环境。
ut	西藏大学位于拉萨，办学历史可追溯至1951年的藏文干部训练班，1985年正式更为现名。学校为教育部与西藏自治区合建的综合性大学，发展人文、科学、工程与相关学科。高原生态、藏语言文化和区域发展，为课堂、研究与社会实践提供独特场景。
shzu	石河子大学位于新疆石河子，1996年由石河子农学院、石河子医学院与相关院校合并组建。学校发展农业、医学、工程、人文与多个领域，办学与区域生产生活紧密联系。实验、农业和临床实践相互结合，为理解西部发展与专业应用提供学习机会。
xmu-medical	新疆医科大学的前身为1956年开始招生的新疆医学院，1998年与新疆中医学院合并组建。学校位于乌鲁木齐，开展医学与相关健康领域的教学研究。基础医学、临床训练和医疗服务相结合，也将区域卫生健康需求融入人才培养与专业实践。
haut	河南理工大学位于焦作，办学源于1909年的焦作路矿学堂，2004年更为现名。学校延续矿业与工程教育传统，发展安全、地学、机械与相关学科。实验训练、工程实践与课堂教学相互联系，为认识资源利用、应急管理和技术应用提供空间。
shmtu	上海海事大学是一所以航运、物流与海洋为特色的大学，由交通运输部与上海市共建。学校发展交通运输、船舶、工程、法律与经济管理等学科。专业课堂、模拟训练和行业实践相结合，沿海校园也让航运与海洋相关学习具有鲜明的环境特色。
shupl	上海政法学院始建于1984年，2004年独立建校，由上海市教育委员会与上海市司法局共建。校园位于佘山北麓，学校以法学为主干，发展政治、社会、管理与相关学科。理论课堂、案例分析和实务训练相结合，涉外法治与城市治理是其重要研究方向。
tjnu	天津师范大学始建于1958年，前身为天津师范学院，1982年更为现名。学校承继天津师范教育传统，发展教育、人文、基础科学与相关学科。课程学习、教学实践与学术研究相互结合，为理解基础教育和探索不同专业提供成长环境。
tjcu	天津财经大学创建于1958年，以南开大学经济管理类专业为基础组建。学校以经济和管理为主干，同时发展法律、文学、理工和艺术等学科。理论课堂、数据分析与案例实践相结合，为理解金融、财政、会计和企业运营提供多种学习路径。
tjpu	天津工业大学办学源头可追溯至1912年的北京工业专门学校机织科，2000年更为现名。学校以工科为重要基础，延续纺织教育传统，发展材料、机械、信息与相关学科。实验研究、工程设计和产业实践相结合，是国家“双一流”建设高校。
hebau	河北农业大学位于河北，是省属重点高校，由河北省与相关部门共建。学校发展农业、生命科学、工程与经济管理等学科，人才培养与农业生产和区域发展相联系。田间实践、实验研究和课堂学习相互结合，为认识农业技术与乡村发展提供学习场景。
