id	domain	englishName
pku	pku.edu.cn	Peking University
tsinghua	tsinghua.edu.cn	Tsinghua University
fudan	fudan.edu.cn	Fudan University
sjtu	sjtu.edu.cn	Shanghai Jiao Tong University
zju	zju.edu.cn	Zhejiang University
nju	nju.edu.cn	Nanjing University
ustc	ustc.edu.cn	University of Science and Technology of China
xju	xjtu.edu.cn	Xi'an Jiaotong University
hit	hit.edu.cn	Harbin Institute of Technology
bit	bit.edu.cn	Beijing Institute of Technology
nankai	nankai.edu.cn	Nankai University
tju	tju.edu.cn	Tianjin University
seu	seu.edu.cn	Southeast University
whu	whu.edu.cn	Wuhan University
hust	hust.edu.cn	Huazhong University of Science and Technology
sysu	sysu.edu.cn	Sun Yat-sen University
scut	scut.edu.cn	South China University of Technology
scu	scu.edu.cn	Sichuan University
uestc	uestc.edu.cn	University of Electronic Science and Technology of China
cqu	cqu.edu.cn	Chongqing University
sdu	sdu.edu.cn	Shandong University
ouc	ouc.edu.cn	Ocean University of China
jlu	jlu.edu.cn	Jilin University
dlut	dlut.edu.cn	Dalian University of Technology
neu	neu.edu.cn	Northeastern University
hnu	hnu.edu.cn	Hunan University
csu	csu.edu.cn	Central South University
xmu	xmu.edu.cn	Xiamen University
lzu	lzu.edu.cn	Lanzhou University
ruc	ruc.edu.cn	Renmin University of China
buaa	buaa.edu.cn	Beihang University
bnu	bnu.edu.cn	Beijing Normal University
muc	muc.edu.cn	Minzu University of China
ecnu	ecnu.edu.cn	East China Normal University
nwafu	nwsuaf.edu.cn	Northwest A&F University
nudt	nudt.edu.cn	National University of Defense Technology
tongji	tongji.edu.cn	Tongji University
cau	cau.edu.cn	China Agricultural University
nwpu	nwpu.edu.cn	Northwestern Polytechnical University
xidian	xidian.edu.cn	Xidian University
afmu	fmmu.edu.cn	Air Force Medical University
snnu	snnu.edu.cn	Shaanxi Normal University
nwu	nwu.edu.cn	Northwest University
chd	chd.edu.cn	Chang'an University
xauat	xauat.edu.cn	Xi'an University of Architecture and Technology
xaut	xaut.edu.cn	Xi'an University of Technology
xust	xust.edu.cn	Xi'an University of Science and Technology
xatu	xatu.edu.cn	Xi'an Technological University
xiyou	xiyou.edu.cn	Xi'an University of Posts and Telecommunications
xpu	xpu.edu.cn	Xi'an Polytechnic University
xisu	xisu.edu.cn	Xi'an International Studies University
xufe	xaufe.edu.cn	Xi'an University of Finance and Economics
xianmc	xiyi.edu.cn	Xi'an Medical University
sust	sust.edu.cn	Shaanxi University of Science and Technology
yau	yau.edu.cn	Yan'an University
bjwlxy	bjwlxy.edu.cn	Baoji University of Arts and Sciences
bupt	bupt.edu.cn	Beijing University of Posts and Telecommunications
cufe	cufe.edu.cn	Central University of Finance and Economics
uibe	uibe.edu.cn	University of International Business and Economics
bfsu	bfsu.edu.cn	Beijing Foreign Studies University
cuc	cuc.edu.cn	Communication University of China
cugb	cugb.edu.cn	China University of Geosciences (Beijing)
cup	cup.edu.cn	China University of Petroleum (Beijing)
cug	cug.edu.cn	China University of Geosciences
cupw	upc.edu.cn	China University of Petroleum (East China)
njust	njust.edu.cn	Nanjing University of Science and Technology
nuaa	nuaa.edu.cn	Nanjing University of Aeronautics and Astronautics
hhu	hhu.edu.cn	Hohai University
suda	suda.edu.cn	Soochow University
njnu	nnu.edu.cn	Nanjing Normal University
hustc	ccnu.edu.cn	Central China Normal University
ccnu	hzau.edu.cn	Huazhong Agricultural University
swu	swu.edu.cn	Southwest University
swjtu	swjtu.edu.cn	Southwest Jiaotong University
swufe	swufe.edu.cn	Southwestern University of Finance and Economics
ynu	ynu.edu.cn	Yunnan University
gxnu	gxu.edu.cn	Guangxi University
hainu	hainanu.edu.cn	Hainan University
xjdx	xju.edu.cn	Xinjiang University
imu	imu.edu.cn	Inner Mongolia University
nwnu	nwnu.edu.cn	Northwest Normal University
nwsuaf	nwupl.edu.cn	Northwest University of Political Science and Law
xjtlu	xjtlu.edu.cn	Xi'an Jiaotong-Liverpool University
nyu	nbu.edu.cn	Ningbo University
hdu	hdu.edu.cn	Hangzhou Dianzi University
zjut	zjut.edu.cn	Zhejiang University of Technology
zjnu	zjnu.edu.cn	Zhejiang Normal University
ahau	ahu.edu.cn	Anhui University
hfut	hfut.edu.cn	Hefei University of Technology
fzu	fzu.edu.cn	Fuzhou University
ustb	ustb.edu.cn	University of Science and Technology Beijing
buct	buct.edu.cn	Beijing University of Chemical Technology
bjfu	bjfu.edu.cn	Beijing Forestry University
bucm	bucm.edu.cn	Beijing University of Chinese Medicine
cnu	cnu.edu.cn	Capital Normal University
ccmu	ccmu.edu.cn	Capital Medical University
bjut	bjut.edu.cn	Beijing University of Technology
tmu	tmu.edu.cn	Tianjin Medical University
hebut	hebut.edu.cn	Hebei University of Technology
tyut	tyut.edu.cn	Taiyuan University of Technology
lnu	lnu.edu.cn	Liaoning University
dlmu	dlmu.edu.cn	Dalian Maritime University
ybu	ybu.edu.cn	Yanbian University
nenu	nenu.edu.cn	Northeast Normal University
nefu	nefu.edu.cn	Northeast Forestry University
neau	neau.edu.cn	Northeast Agricultural University
shu	shu.edu.cn	Shanghai University
shisu	shisu.edu.cn	Shanghai International Studies University
shutcm	shutcm.edu.cn	Shanghai University of Traditional Chinese Medicine
njau	njau.edu.cn	Nanjing Agricultural University
njfu	njfu.edu.cn	Nanjing Forestry University
jiangnan	jiangnan.edu.cn	Jiangnan University
cpu	cpu.edu.cn	China Pharmaceutical University
ahnu	ahnu.edu.cn	Anhui Normal University
ncu	ncu.edu.cn	Nanchang University
henu	henu.edu.cn	Henan University
zzu	zzu.edu.cn	Zhengzhou University
whut	whut.edu.cn	Wuhan University of Technology
zuel	zuel.edu.cn	Zhongnan University of Economics and Law
hnust	hnust.edu.cn	Hunan University of Science and Technology
gxnu-edu	gxnu.edu.cn	Guangxi Normal University
ynnu	ynnu.edu.cn	Yunnan Normal University
gzmu	gzu.edu.cn	Guizhou University
ecust	ecust.edu.cn	East China University of Science and Technology
sufe	sufe.edu.cn	Shanghai University of Finance and Economics
dhu	dhu.edu.cn	Donghua University
jnu	jnu.edu.cn	Jinan University
scnu	scnu.edu.cn	South China Normal University
szu	szu.edu.cn	Shenzhen University
sustech	sustech.edu.cn	Southern University of Science and Technology
stu	stu.edu.cn	Shantou University
cumt	cumt.edu.cn	China University of Mining and Technology
heu	hrbeu.edu.cn	Harbin Engineering University
swupl	swupl.edu.cn	Southwest University of Political Science and Law
bsu	bsu.edu.cn	Beijing Sport University
ccom	ccom.edu.cn	Central Conservatory of Music
caa	caa.edu.cn	China Academy of Art
qhu	qhu.edu.cn	Qinghai University
nxu	nxu.edu.cn	Ningxia University
ut	utibet.edu.cn	Tibet University
shzu	shzu.edu.cn	Shihezi University
xmu-medical	xjmu.edu.cn	Xinjiang Medical University
haut	hpu.edu.cn	Henan Polytechnic University
shmtu	shmtu.edu.cn	Shanghai Maritime University
shupl	shupl.edu.cn	Shanghai University of Political Science and Law
tjnu	tjnu.edu.cn	Tianjin Normal University
tjcu	tjufe.edu.cn	Tianjin University of Finance and Economics
tjpu	tiangong.edu.cn	Tiangong University
hebau	hebau.edu.cn	Hebei Agricultural University

