id	motto	sourceUrl
cau	解民生之多艰 · 育天下之英才	https://www.cau.edu.cn/xxgk/dxzc/index.htm
afmu	团结 · 求实 · 创新 · 献身	https://www.fmmu.edu.cn/xxgk/xxbz1.htm
nwu	公诚勤朴	https://jjc.nwu.edu.cn/info/1012/1148.htm
chd	弘毅明德 · 笃学创新	https://xxgk.chd.edu.cn/info/1032/3204.htm
xiyou	爱国 · 求是 · 奋进	https://www.xiyou.edu.cn/info/1843/75739.htm
xufe	博学 · 明理 · 立诚 · 济世	https://college.k618.cn/gxzt/xacjdx/bxln/202103/t20210302_18138355.html
xianmc	厚德博学 · 精益求精	https://www.xiyi.edu.cn/info/1074/22099.htm
cug	艰苦朴素 · 求真务实	https://wenming.cug.edu.cn/whzg/ddjs.htm
njust	进德修业 · 志道鼎新	https://zs.njust.edu.cn/67/a4/c3550a354212/page.htm
ccnu	勤读力耕 · 立己达人	https://cpst.hzau.edu.cn/info/1058/35930.htm
swjtu	精勤求学 · 敦笃励志 · 果毅力行 · 忠恕任事	https://infpub.swjtu.edu.cn/__local/4/05/E6/DB6F4E2F0CA57556B8287ED80B2_61E934E6_60190.pdf
ynu	自尊 · 致知 · 正义 · 力行	https://www.ynu.edu.cn/__local/2/5E/C9/21A1B54BF4043B3EB0487004F7C_85429427_12776A.pdf
xjtlu	博学明道 · 笃行任事	https://www.xjtlu.edu.cn/zh/about/overview/xjtlu-identity
buct	宏德博学 · 化育天工	https://www.buct.edu.cn/xx/list.htm
cnu	为学为师 · 求实求新	https://www.cnu.edu.cn/xxgk/xxbz/index.htm
lnu	明德精学 · 笃行致强	https://www.lnu.edu.cn/info/12812/75568.htm
nenu	勤奋创新 · 为人师表	https://en.nenu.edu.cn/info/1004/3547.htm
shu	自强不息 · 道济天下	https://www.shu.edu.cn/xxgk/sdwh/xxxf.htm
shutcm	勤奋 · 仁爱 · 求实 · 创新	https://www.shutcm.edu.cn/6553/list.htm
jiangnan	笃学尚行 · 止于至善	https://www.jiangnan.edu.cn/info/1906/11172.htm
cpu	精业济群	https://xyh.cpu.edu.cn/jjh/article/13650
whut	厚德博学 · 追求卓越	https://www.whut.edu.cn/xiaoyuanwenhua/xyxb/201209/t20120927_1380985.shtml
sufe	厚德博学 · 经济匡时	https://www.sufe.edu.cn/f6/70/c6a63088/page.psp
stu	团结 · 勤奋 · 求实 · 创新	https://www.stu.edu.cn/info/1088/59086.htm
bsu	追求卓越	https://zs.bsu.edu.cn/docs/2024-11/7c0ba07e0f054c668d204c9e525a88a4.pdf
ccom	勤奋 · 求实 · 团结 · 进取	https://www.ccom.edu.cn/info/2911/89891.htm
caa	行健 · 居敬 · 会通 · 履远	https://en.caa.edu.cn/about/Philosophy___Motto.htm
ut	团结 · 勤奋 · 求实 · 创新	https://lxy.utibet.edu.cn/xygk/xyjj.htm
xmu-medical	好学 · 力行 · 笃医 · 创新	https://www.xjmu.edu.cn/xqzl1/xxzc.htm
shmtu	忠信笃敬	https://www2012.shmtu.edu.cn/sites/default/files/files/newspaper/701qi_.fit8_.pdf
tjpu	严谨 · 严格 · 求实 · 求是	https://www.tiangong.edu.cn/2014/1121/c649a4282/pagem.htm
